{
  "asset": {
    "version": "1.1"
  },
  "geometricError": 10000,
  "root": {
    "refine": "REPLACE",
    "geometricError": 200,
    "boundingVolume": {
      "box": [
        0, 0, 0,
        2, 0, 0,
        0, 2, 0,
        0, 0, 2
      ]
    },
    "children": [
      {
        "boundingVolume": {
          "box": [
            0, 0, 0,
            1, 0, 0,
            0, 1, 0,
            0, 0, 1
          ]
        },
        "content": {
          "uri": "content/{level}/{x}/{y}.b3dm"
        },
        "refine": "REPLACE",
        "geometricError": 100,
        "implicitTiling": {
          "subdivisionScheme": "QUADTREE",
          "subtreeLevels": 3,
          "availableLevels": 3,
          "subtrees": {
            "uri": "subtrees/{level}/{x}/{y}.subtree"
          }
        }
      }
    ]
  }
}
