{
  "buffers": [
    {
      "uri": "../metadata.bin",
      "byteLength": 2336
    }
  ],
  "bufferViews": [
    {
      "buffer": 0,
      "byteOffset": 0,
      "byteLength": 2336
    }
  ],
  "tileAvailability": {
    "constant": 1
  },
  "contentAvailability": [
    {
      "constant": 1
    }
  ],
  "childSubtreeAvailability": {
    "constant": 0
  },
  "propertyTables": [
    {
      "class": "tile",
      "count": 73,
      "properties": {
        "contentBounds": {
          "values": 0
        }
      }
    }
  ],
  "tileMetadata": 0
}
