{
  "asset": {
    "version": "1.1"
  },
  "extras": {
    "name": "Sample Implicit Tileset"
  },
  "geometricError": 240,
  "root": {
    "boundingVolume": {
      "region": [
        -1.3197209591796106,
        0.6988424218,
        -1.3196390408203893,
        0.6989055782,
        0,
        88
      ]
    },
    "content": {
      "uri": "content/{level}/{x}/{y}.b3dm"
    },
    "implicitTiling": {
      "subdivisionScheme": "QUADTREE",
      "subtreeLevels": 2,
      "availableLevels": 2,
      "subtrees": {
        "uri": "subtrees/{level}.{x}.{y}.subtree"
      }
    },
    "geometricError": 70,
    "refine": "ADD"
  }
}
