{
    "buffers": [
        {
            "uri": "../metadata.bin",
            "byteLength": 168
        }
    ],
    "bufferViews": [
        {
            "buffer": 0,
            "byteOffset": 0,
            "byteLength": 168
        }
    ],
    "tileAvailability": {
        "constant": 1
    },
    "contentAvailability": [ 
        {
            "constant": 0
        } 
    ],
    "childSubtreeAvailability": {
        "constant": 0
    },
    "extensions": {
        "3DTILES_metadata": {
            "class": "tile",
            "properties": {
                "geometricError": {
                    "bufferView": 0
                }
            }
        }
    }
}