{
  "asset": {
    "version": "1.1",
    "tilesetVersion": "1.2.3"
  },
  "geometricError": 240,
  "root": {
    "boundingVolume": {
      "region": [
        -1.3197209591796106,
        0.6988424218,
        -1.3196390408203893,
        0.6989055782,
        0,
        88
      ]
    },
    "geometricError": 70,
    "refine": "ADD",
    "content": {
      "uri": "../TileMetadata/tileset_1.1.json",
      "boundingVolume": {
        "region": [
          -1.3197004795898053,
          0.6988582109,
          -1.3196595204101946,
          0.6988897891,
          0,
          88
        ]
      }
    }
  }
}
