{
    "results": [{
        "layerId": 0,
        "layerName": "Land Cover Class",
        "value": "",
        "displayFieldName": null,
        "attributes": {
            "Pixel Value": "22",
            "OID": "22",
            "COUNT": "35557945",
            "RED": "1",
            "GREEN": "1",
            "BLUE": "0.796078",
            "ISO_CLASS": "Primarily Vegetated_Natural & Semi-Natural Terrestrial Vegetation_Herbaceous_Graminoids_Sparse_Hummock Grasses",
            "CLASSLABEL": "Hummock Grasses - Sparse"
        },
        "geometryType": "esriGeometryPoint",
        "geometry": {
            "x": 1.481682457042425E7,
            "y": -2710890.117898505,
            "spatialReference": {
                "wkid": 102100
            }
        }
    }]
}