{
  "asset": {
    "version": "1.1"
  },
  "schema": {
    "id": "ImplicitGeometricErrorMetadataSchemaId",
    "classes": {
      "tile": {
        "properties": {
          "geometricError": {
            "type": "SCALAR",
            "componentType": "FLOAT64",
            "semantic": "TILE_GEOMETRIC_ERROR"
          }
        }
      }
    }
  },
  "geometricError": 4096.0,
  "root": {
    "geometricError": 2048.0,
    "boundingVolume": {
      "region": [
        0,
        0,
        0.00314,
        0.00314,
        0,
        10000
      ]
    },
    "implicitTiling": {
      "subdivisionScheme": "QUADTREE",
      "subtreeLevels": 3,
      "availableLevels": 3,
      "subtrees": {
        "uri": "subtrees/1.1/{level}.{x}.{y}.json"
      }
    }
  }
}
