{
  "asset": {
    "version": "1.0"
  },
  "extensionsUsed": [
    "3DTILES_implicit_tiling",
    "3DTILES_metadata"
  ],
  "extensionsRequired": [
    "3DTILES_implicit_tiling"
  ],
  "extensions": {
    "3DTILES_metadata": {
      "schema": {
        "id": "ImplicitGeometricErrorMetadataSchemaId",
        "classes": {
          "tile": {
            "properties": {
              "geometricError": {
                "type": "SCALAR",
                "componentType": "FLOAT64",
                "semantic": "TILE_GEOMETRIC_ERROR"
              }
            }
          }
        }
      }
    }
  },
  "geometricError": 4096.0,
  "root": {
    "geometricError": 2048.0,
    "boundingVolume": {
      "region": [
        0,
        0,
        0.00314,
        0.00314,
        0,
        10000
      ]
    },
    "extensions": {
      "3DTILES_implicit_tiling": {
        "subdivisionScheme": "QUADTREE",
        "subtreeLevels": 3,
        "availableLevels": 3,
        "subtrees": {
          "uri": "subtrees/1.0/{level}.{x}.{y}.json"
        }
      }
    }
  }
}
