{
  "asset": {
    "version": "1.0",
    "tilesetVersion": "1.2.3"
  },
  "extensionsUsed": [
    "3DTILES_metadata"
  ],
  "extensions": {
    "3DTILES_metadata": {
      "schema": {
        "id": "ContentMetadataSchemaId",
        "classes": {
          "content": {
            "properties": {
              "highlightColor": {
                "type": "VEC3",
                "componentType": "UINT8"
              },
              "author": {
                "type": "STRING"
              }
            }
          }
        }
      }
    }
  },
  "geometricError": 240,
  "root": {
    "boundingVolume": {
      "region": [
        -1.3197209591796106,
        0.6988424218,
        -1.3196390408203893,
        0.6989055782,
        0,
        88
      ]
    },
    "geometricError": 70,
    "refine": "ADD",
    "content": {
      "uri": "parent.b3dm",
      "boundingVolume": {
        "region": [
          -1.3197004795898053,
          0.6988582109,
          -1.3196595204101946,
          0.6988897891,
          0,
          88
        ]
      },
      "extensions": {
        "3DTILES_metadata": {
          "class": "content",
          "properties": {
            "highlightColor": [255, 0, 0],
            "author": "Cesium"
          }
        }
      }
    },
    "children": [
      {
        "boundingVolume": {
          "region": [
            -1.3197209591796106,
            0.6988424218,
            -1.31968,
            0.698874,
            0,
            20
          ]
        },
        "geometricError": 0,
        "content": {
          "uri": "ll.b3dm",
          "extensions": {
            "3DTILES_metadata": {
              "class": "content",
              "properties": {
                "highlightColor": [255, 255, 255],
                "author": "First Company"
              }
            }
          }
        }
      },
      {
        "boundingVolume": {
          "region": [
            -1.31968,
            0.6988424218,
            -1.3196390408203893,
            0.698874,
            0,
            20
          ]
        },
        "geometricError": 0,
        "content": {
          "uri": "lr.b3dm",
          "extensions": {
            "3DTILES_metadata": {
              "class": "content",
              "properties": {
                "highlightColor": [255, 0, 255],
                "author": "Second Company"
              }
            }
          }
        }
      },
      {
        "boundingVolume": {
          "region": [
            -1.31968,
            0.698874,
            -1.3196390408203893,
            0.6989055782,
            0,
            20
          ]
        },
        "geometricError": 0,
        "content": {
          "uri": "ur.b3dm",
          "extensions": {
            "3DTILES_metadata": {
              "class": "content",
              "properties": {
                "highlightColor": [0, 255, 0],
                "author": "Third Company"
              }
            }
          }
        }
      },
      {
        "boundingVolume": {
          "region": [
            -1.3197209591796106,
            0.698874,
            -1.31968,
            0.6989055782,
            0,
            20
          ]
        },
        "geometricError": 0,
        "content": {
          "uri": "ul.b3dm",
          "extensions": {
            "3DTILES_metadata": {
              "class": "content",
              "properties": {
                "highlightColor": [0, 0, 255],
                "author": "Fourth Company"
              }
            }
          }
        }
      }
    ]
  }
}
