{
  "asset": {
    "version": "0.0"
  },
  "geometricError": 500,
  "root": {
    "boundingVolume": {
      "region": [
        -0.00017453292519943296,
        -0.00017453292519943296,
        0.00017453292519943296,
        0.00017453292519943296,
        -1000,
        1000
      ]
    },
    "transform": [
      0,
      1,
      0,
      0,
      0,
      0,
      1,
      0,
      1,
      0,
      0,
      0,
      6378137,
      0,
      0,
      1
    ],
    "geometricError": 100,
    "refine": "REPLACE",
    "content": {
      "uri": "parent.geom"
    },
    "children": [
      {
        "boundingVolume": {
          "region": [
            -0.00017453292519943296,
            0,
            0,
            0.00017453292519943296,
            -1000,
            1000
          ]
        },
        "geometricError": 0,
        "content": {
          "uri": "ul.geom"
        }
      },
      {
        "boundingVolume": {
          "region": [
            0,
            0,
            0.00017453292519943296,
            0.00017453292519943296,
            -1000,
            1000
          ]
        },
        "geometricError": 0,
        "content": {
          "uri": "ur.geom"
        }
      },
      {
        "boundingVolume": {
          "region": [
            -0.00017453292519943296,
            -0.00017453292519943296,
            0,
            0,
            -1000,
            1000
          ]
        },
        "geometricError": 0,
        "content": {
          "uri": "ll.geom"
        }
      },
      {
        "boundingVolume": {
          "region": [
            0,
            -0.00017453292519943296,
            0.00017453292519943296,
            0,
            -1000,
            1000
          ]
        },
        "geometricError": 0,
        "content": {
          "uri": "lr.geom"
        }
      }
    ]
  }
}
