{
  "asset": {
    "version": "1.0"
  },
  "properties": {
    "id": {
      "minimum": 0,
      "maximum": 9
    },
    "Longitude": {
      "minimum": -1.3196959060375169,
      "maximum": -1.3196607462778132
    },
    "Latitude": {
      "minimum": 0.6988590050687061,
      "maximum": 0.6988864387845588
    },
    "Height": {
      "minimum": 6.1022464875131845,
      "maximum": 13.410263679921627
    }
  },
  "geometricError": 70,
  "root": {
    "refine": "ADD",
    "boundingVolume": {
      "region": [
        -1.3197004795898053,
        0.6988582109,
        -1.3196595204101946,
        0.6988897891,
        0,
        20
      ]
    },
    "geometricError": 0,
    "content": {
      "uri": "batchedWithVertexColors.b3dm"
    }
  }
}
